{"pitch": [-1.69210737755872, 9.052238212017043, 127.2156593876906, 75.18178874158116], "energy": [-1.5100356340408325, 3.619434356689453, 142.21119047140797, 94.17737311850321]}